,mean_fit_time,mean_score_time,mean_test_score,mean_train_score,param_max_depth,param_n_estimators,params,rank_test_score,split0_test_score,split0_train_score,split1_test_score,split1_train_score,split2_test_score,split2_train_score,split3_test_score,split3_train_score,split4_test_score,split4_train_score,split5_test_score,split5_train_score,split6_test_score,split6_train_score,split7_test_score,split7_train_score,split8_test_score,split8_train_score,split9_test_score,split9_train_score,std_fit_time,std_score_time,std_test_score,std_train_score
0,3.328885078430176,0.05987517833709717,0.6387005483167266,0.7543379858500678,20,20,"{'max_depth': 20, 'n_estimators': 20}",100,0.6320422535211268,0.7410369010945795,0.6316098707403055,0.7663673897372043,0.6360964138741917,0.7671690694626474,0.6431510875955321,0.7583224115334207,0.6288235294117647,0.7502129611427822,0.6283863368669023,0.7389110921837122,0.6538688718251624,0.7550432276657061,0.6473372781065089,0.7556807019841529,0.6196682464454977,0.7469390427551889,0.666270783847981,0.7636970609412843,0.282766250823841,0.03032296163869783,0.013210282898355312,0.009496207366101536
1,6.888396668434143,0.06890966892242431,0.713873002771063,0.8365729883038051,20,40,"{'max_depth': 20, 'n_estimators': 40}",98,0.7147887323943662,0.8313560988398768,0.6903642773207991,0.8391768792188217,0.7078189300411523,0.840170380078637,0.7178130511463845,0.8363040629095675,0.7052941176470588,0.841556909770002,0.709658421672556,0.8343707003865557,0.7371529828706438,0.8361933455593398,0.7224852071005917,0.8376006810294021,0.7049763033175356,0.8314018202055916,0.7286223277909739,0.8375990050402566,0.2669487313071502,0.019896990860147592,0.012684379544874521,0.003251049800791369
2,10.2340167760849,0.1265693187713623,0.744944283945522,0.8648863188740815,20,60,"{'max_depth': 20, 'n_estimators': 60}",96,0.7476525821596244,0.8608507570295602,0.7332549941245593,0.8693885575725802,0.7501469723691946,0.8692005242463958,0.7430922986478542,0.8621887287024902,0.7405882352941177,0.8684227770133018,0.7414605418138988,0.8688986437790736,0.7489663319551093,0.8557112915902542,0.7502958579881657,0.8643179883439198,0.740521327014218,0.8591632292280496,0.753562945368171,0.8707206912351901,0.19616699077122465,0.033613491460084806,0.0058663684780909595,0.0049228888057353155
3,13.290764260292054,0.1316845655441284,0.7618064972584163,0.8791343135594634,20,80,"{'max_depth': 20, 'n_estimators': 80}",88,0.7435446009389671,0.8714688339778462,0.7526439482961222,0.8829543220394521,0.7524985302763081,0.8813237221494102,0.7524985302763081,0.8758846657929227,0.7694117647058824,0.8834938732717385,0.7585394581861012,0.8782677062176505,0.7820437093916125,0.8818443804034583,0.7751479289940828,0.8789863139283609,0.7695497630331753,0.8779545603352321,0.7624703087885986,0.8791647574785626,0.40365663195871676,0.03825228916791732,0.011436736493240974,0.003423764630424936
4,16.44852294921875,0.17321128845214845,0.76723070573669,0.8868710967453325,20,100,"{'max_depth': 20, 'n_estimators': 100}",87,0.7588028169014085,0.8902143278495117,0.7555816686251469,0.8845271642964808,0.7595532039976485,0.8846002621231979,0.7630805408583187,0.8855832241153342,0.7711764705882352,0.8865736190288972,0.7709069493521791,0.8860643385966062,0.7784997046662729,0.8893764736704218,0.778698224852071,0.8897911073276145,0.7707345971563981,0.886335363058993,0.7654394299287411,0.8856450873862669,0.694217440608392,0.05835446572834457,0.0076566875804109395,0.002020380060875461
5,19.724591159820555,0.1962737560272217,0.7737751311833029,0.8937100565607452,20,120,"{'max_depth': 20, 'n_estimators': 120}",86,0.7734741784037559,0.896703152651242,0.7673325499412456,0.887214103152238,0.7754262198706643,0.8961336828309305,0.7689594356261023,0.8969855832241154,0.7647058823529411,0.8890636262368128,0.7803297997644287,0.8935333813798074,0.7737743650324868,0.8904244170814776,0.7899408284023669,0.8952917294217798,0.7754739336492891,0.8945852157401951,0.7684085510688836,0.8971656738888525,0.9817246634565896,0.0552537369358858,0.006964503582909113,0.0033968207712784743
6,22.92537651062012,0.22369344234466554,0.7793172572371913,0.8969860731671904,20,140,"{'max_depth': 20, 'n_estimators': 140}",84,0.7687793427230047,0.8935570557776759,0.7643948296122209,0.894685103873124,0.7724867724867724,0.9015727391874181,0.7713109935332157,0.8975753604193971,0.778235294117647,0.8986960225411179,0.7926972909305064,0.8989058507501801,0.7861783815711755,0.8962536023054755,0.7857988165680473,0.8968633357343986,0.7808056872037915,0.8975315916977673,0.7927553444180523,0.8942200693853505,0.5927446538571199,0.054182413323387635,0.00947016643461138,0.0023140182120096704
7,26.47679407596588,0.29409193992614746,0.7850952184423088,0.8990490438737669,20,160,"{'max_depth': 20, 'n_estimators': 160}",82,0.7752347417840375,0.8943435799960674,0.7667450058754407,0.8925879808637526,0.781305114638448,0.9017693315858454,0.7718988830099941,0.8997378768020969,0.7747058823529411,0.8996789201231898,0.790341578327444,0.9032300334141388,0.8062610750147667,0.898938957296306,0.7946745562130177,0.9012507366904591,0.7896919431279621,0.9013291429319714,0.8004750593824228,0.8976238790338418,0.7579660963858991,0.09535083122111923,0.012469431601332232,0.003189484535774208
8,29.695312523841856,0.2860698938369751,0.7826779081422086,0.9016436727208312,20,180,"{'max_depth': 20, 'n_estimators': 180}",83,0.7658450704225352,0.8995870747853444,0.7720329024676851,0.8997313061144243,0.7854203409758965,0.9028178243774574,0.7754262198706643,0.9055045871559633,0.7747058823529411,0.8952886442566018,0.7762073027090695,0.9065059293716832,0.7968103957471944,0.90450615666754,0.7970414201183432,0.9028878265994369,0.7867298578199052,0.9004779676553395,0.7969121140142518,0.8991294102245205,0.7877453866360208,0.06080985059286383,0.010893616201638175,0.003249955037112365
9,32.44478468894958,0.4066642999649048,0.787866281469253,0.9059214221403582,20,200,"{'max_depth': 20, 'n_estimators': 200}",81,0.7846244131455399,0.9010290358523956,0.7808460634547592,0.9085785438102104,0.7854203409758965,0.908781127129751,0.7777777777777778,0.9109436435124508,0.7829411764705883,0.9033484044295917,0.7838633686690224,0.9030334796566861,0.7979917306556409,0.9071260151951794,0.8011834319526627,0.903542662563028,0.7837677725118484,0.9059778694428076,0.8004750593824228,0.9068534398114814,1.910857446539263,0.12607409920994994,0.008136644099460156,0.002955306684869178
10,9.008078050613403,0.04145247936248779,0.7095100524733211,0.9122699444434719,40,20,"{'max_depth': 40, 'n_estimators': 20}",99,0.7194835680751174,0.9048961132594875,0.699764982373678,0.9158529392489678,0.7001763668430335,0.9159239842726081,0.7037037037037037,0.9166448230668414,0.7041176470588235,0.916126072996527,0.7226148409893993,0.9126646137718666,0.707028942705257,0.9141996332198061,0.7260355029585799,0.9084539322899614,0.7037914691943128,0.9071564198258364,0.7084323040380047,0.9107809124828173,0.49401900836626145,0.009279152320438246,0.0091073407402426,0.004017204216479025
11,17.86137387752533,0.07457954883575439,0.7754849360297152,0.9504744444206807,40,40,"{'max_depth': 40, 'n_estimators': 40}",85,0.7805164319248826,0.950055712132136,0.7514688601645123,0.9469165738252835,0.7777777777777778,0.9519659239842726,0.7730746619635509,0.9511795543905636,0.7670588235294118,0.9476443221283009,0.765017667844523,0.9536133132411715,0.7761370348493798,0.9512706313859052,0.7840236686390533,0.9495121472071246,0.7938388625592417,0.9525960845937275,0.7862232779097387,0.9499901813183217,0.8988728589083038,0.01226276989065964,0.01148468147336788,0.0019928210735131358
12,25.81025993824005,0.14283499717712403,0.7957667590354343,0.9623255967407849,40,60,"{'max_depth': 40, 'n_estimators': 60}",80,0.7981220657276995,0.9603460706560922,0.7855464159811986,0.9653974703453699,0.7995296884185773,0.9650720838794233,0.7801293356848913,0.9614678899082569,0.7829411764705883,0.961666994299194,0.7838633686690224,0.9623927144073904,0.8080330773774365,0.9644354204872937,0.808284023668639,0.9588763014864776,0.8027251184834123,0.9632030380409874,0.8087885985748219,0.9603979838973621,1.2969805263235947,0.052984112521187385,0.010951727771685845,0.0020713916586484853
13,34.35479784011841,0.14832046031951904,0.8071458050822475,0.9682799596286819,40,80,"{'max_depth': 40, 'n_estimators': 80}",75,0.8104460093896714,0.9654584780756374,0.7849588719153937,0.9672324529785701,0.8130511463844797,0.9712975098296199,0.8018812463256908,0.9688073394495413,0.7976470588235294,0.967892012318983,0.803886925795053,0.9667824149904999,0.815711754282339,0.9679067330364161,0.8201183431952662,0.9690917425184992,0.8139810426540285,0.97033981536044,0.8099762470308789,0.9679910977286117,1.1760065872038112,0.014484451879246966,0.009818982685972222,0.0016111997538363497
14,42.680578804016115,0.20907537937164306,0.8142208596191263,0.9718049482070652,40,100,"{'max_depth': 40, 'n_estimators': 100}",70,0.8174882629107981,0.9707675165497804,0.7896592244418331,0.9736548921947703,0.8154027042915932,0.97391874180865,0.807172251616696,0.972608125819135,0.81,0.9738549243168861,0.809776207302709,0.970189346786346,0.8227997637330183,0.9699371233953367,0.8266272189349112,0.9724968895291729,0.8234597156398105,0.9702743403391606,0.8200712589073634,0.9703475813314132,1.2125243308196243,0.05702529899219004,0.010250454024067452,0.0015766602628774636
15,51.54265804290772,0.2593813180923462,0.8158127468899239,0.9743197786529219,40,120,"{'max_depth': 40, 'n_estimators': 120}",68,0.8092723004694836,0.9735203513141509,0.7925969447708578,0.9732616816305132,0.8148148148148148,0.97391874180865,0.8042328042328042,0.9735910878112713,0.8147058823529412,0.9758862459865015,0.8197879858657244,0.9710410797353076,0.8310691080921441,0.9741943935027508,0.8313609467455622,0.9770807412743108,0.8234597156398105,0.9742028416159235,0.8171021377672208,0.9765006218498397,1.8680687242604552,0.05255973018461095,0.011266810460094086,0.0016751879931597238
16,61.026303386688234,0.27105638980865476,0.819291315370556,0.9750666474896119,40,140,"{'max_depth': 40, 'n_estimators': 140}",67,0.812206572769953,0.9752900308055319,0.800822561692127,0.9752277344517989,0.8171663727219283,0.9746395806028834,0.8012933568489125,0.9752293577981651,0.8188235294117647,0.9718236026472709,0.8268551236749117,0.9747756011269082,0.835203780271707,0.9751768404506157,0.8284023668639053,0.9755091349616921,0.82760663507109,0.9745956917435998,0.8248218527315915,0.978398900307652,1.3198798048552078,0.03391790297847034,0.011019226574253383,0.0014973444336486498
17,69.5514131307602,0.33123981952667236,0.8268969989977006,0.9759385381778065,40,160,"{'max_depth': 40, 'n_estimators': 160}",63,0.8233568075117371,0.9754866618601298,0.8155111633372503,0.9775869978373419,0.824808935920047,0.9775229357798165,0.8165784832451499,0.9764089121887287,0.8270588235294117,0.9744446628661293,0.8303886925795053,0.9769376924588875,0.8346131128174837,0.9752423369138067,0.834319526627219,0.9753781677689739,0.8299763033175356,0.9774111176586132,0.832541567695962,0.9729658964456372,1.4712745208104696,0.035246962016356236,0.006491990340175836,0.0014382959376101096
18,80.10498259067535,0.34323222637176515,0.8276045044513884,0.976920867228505,40,180,"{'max_depth': 40, 'n_estimators': 180}",59,0.8174882629107981,0.9752900308055319,0.8066980023501763,0.9754243397339275,0.829512051734274,0.9769331585845348,0.8124632569077014,0.9777195281782438,0.8294117647058824,0.9772623026014022,0.8345111896348646,0.9777894254078491,0.8322504430005907,0.9778621954414461,0.8414201183431953,0.9777355772379019,0.8364928909952607,0.9789825181693184,0.836104513064133,0.9742095961248937,1.1568609008217658,0.0371321007192564,0.010900029777549395,0.0013985510572835317
19,88.3287893295288,0.4652951717376709,0.8269559577855079,0.9771894195910381,40,200,"{'max_depth': 40, 'n_estimators': 200}",61,0.8204225352112676,0.9762731860785213,0.8061104582843713,0.9766695065207418,0.829512051734274,0.9762123197903014,0.818342151675485,0.977391874180865,0.831764705882353,0.977786514645174,0.8268551236749117,0.977854943327,0.8340224453632605,0.9769452449567724,0.834319526627219,0.9779320280269792,0.8335308056872038,0.9790479931905978,0.834916864608076,0.975780585193428,1.7177937788143123,0.08221806611696185,0.008904493005082587,0.0009463164589336243
20,15.110146713256835,0.04702320098876953,0.7394021578916338,0.9698334470372755,60,20,"{'max_depth': 60, 'n_estimators': 20}",97,0.7194835680751174,0.9700465360162548,0.7168037602820212,0.9692640408938987,0.7425044091710759,0.9720183486238532,0.7283950617283951,0.9743119266055046,0.73,0.9706441255487844,0.7449941107184923,0.9680927733735176,0.7631423508564678,0.9686926905947079,0.7414201183431952,0.9724314059328139,0.7494075829383886,0.9709945655732338,0.7583135391923991,0.9618380572101852,0.6186968178549309,0.004510292662760775,0.014776577865069617,0.0031970692725326786
21,30.098639941215517,0.10634520053863525,0.7961205117622782,0.9859219211787329,60,40,"{'max_depth': 60, 'n_estimators': 40}",79,0.7893192488262911,0.9863013698630136,0.790834312573443,0.985057998558228,0.7954144620811288,0.9865661861074705,0.7860082304526749,0.9838138925294888,0.7952941176470588,0.9871568049275932,0.8015312131919906,0.9867653803315207,0.8086237448316598,0.9851977993188368,0.7934911242603551,0.9870997315172549,0.8045023696682464,0.9849407451057421,0.7963182897862233,0.9863193035281796,1.0107849518607663,0.018220036882392092,0.006636664119904729,0.0010496559330394216
22,45.682450437545775,0.13093504905700684,0.8146335711337774,0.9904551542576995,60,60,"{'max_depth': 60, 'n_estimators': 60}",69,0.8139671361502347,0.9908238841187652,0.7943595769682726,0.9905629464578282,0.8148148148148148,0.9891874180865007,0.8112874779541446,0.9918086500655308,0.8205882352941176,0.9889260205753228,0.8150765606595995,0.9899102404507633,0.8204370939161252,0.989782551742206,0.8218934911242604,0.9926003536114203,0.8145734597156398,0.9912918221698422,0.8194774346793349,0.9896576552988152,1.1233253354601613,0.020073324110589593,0.007545488224179626,0.0011230387278132806
23,59.200323414802554,0.15518014430999755,0.8243617711219857,0.9912020084683894,60,80,"{'max_depth': 60, 'n_estimators': 80}",65,0.8215962441314554,0.9903650783247034,0.8055229142185664,0.9922013238088997,0.8136390358612581,0.9920707732634338,0.818342151675485,0.9919397116644824,0.8270588235294117,0.9900399711683376,0.8203769140164899,0.9901723121273668,0.8304784406379209,0.9911579774692166,0.8414201183431953,0.9909632637024426,0.8341232227488151,0.9916191972762392,0.831353919239905,0.991490475878772,2.8218809744640576,0.021753808763838763,0.010046474192503449,0.0007566270198488721
24,73.93633773326874,0.23827924728393554,0.8275455456635812,0.9922828886609762,60,100,"{'max_depth': 60, 'n_estimators': 100}",60,0.8257042253521126,0.9918725830766205,0.8143360752056404,0.9921357887148569,0.8236331569664903,0.9929882044560944,0.8224573780129336,0.992267365661861,0.8294117647058824,0.9920057663324815,0.8239104829210836,0.9920723317827426,0.8298877731836976,0.9916164527115536,0.8349112426035503,0.9923384192259839,0.8388625592417062,0.9929941727231061,0.832541567695962,0.9925378019244616,1.7251554433823963,0.04220887743963616,0.006695651945568891,0.00042742925639711426
25,86.90457191467286,0.2680334568023682,0.8330876717174694,0.9928004742966758,60,120,"{'max_depth': 60, 'n_estimators': 120}",53,0.82981220657277,0.9926591072950122,0.8149236192714454,0.9931843502195425,0.8436213991769548,0.9925950196592398,0.823045267489712,0.9939711664482307,0.8329411764705882,0.9911539217613524,0.8303886925795053,0.9936447618423638,0.8381571175428234,0.9922714173434635,0.8319526627218935,0.9929277715932159,0.8453791469194313,0.9922084724677536,0.8408551068883611,0.9933887543365844,3.046129253592756,0.03504509953782989,0.008937515960318526,0.0007743822840630413
26,102.16035475730897,0.33738694190979,0.8360945698956429,0.9936062654676501,60,140,"{'max_depth': 60, 'n_estimators': 140}",50,0.8303990610328639,0.994559874156125,0.8202115158636898,0.9936430958778426,0.8324514991181657,0.9925950196592398,0.8201058201058201,0.995478374836173,0.8358823529411765,0.9918091868160671,0.8392226148409894,0.9941033872764201,0.8446544595392794,0.9921404244170815,0.8431952662721893,0.9939755091349617,0.8483412322274881,0.9939108230210175,0.8467933491686461,0.9938469594815736,2.618544380708227,0.039377408214421435,0.009754776833844495,0.0010653862744728745
27,119.32630486488343,0.3761360883712769,0.8407523141324215,0.993789694599708,60,160,"{'max_depth': 60, 'n_estimators': 160}",46,0.8438967136150235,0.9941666120469292,0.8213866039952996,0.9935120256897568,0.8412698412698413,0.9931847968545217,0.8242210464432687,0.9951507208387942,0.8411764705882353,0.9927265578926676,0.8474676089517079,0.9944964947913254,0.8476077968103958,0.9929918784385643,0.8420118343195266,0.9933861567677297,0.8436018957345972,0.9948929483402082,0.8551068883610451,0.9933887543365844,1.311869812691583,0.0460904652351672,0.009834089322254541,0.0007902254095670575
28,133.00390701293946,0.41686339378356935,0.8437592123105949,0.9938878552583704,60,180,"{'max_depth': 60, 'n_estimators': 180}",41,0.8433098591549296,0.9942976994166612,0.8219741480611046,0.9932498853135854,0.8383303938859494,0.9935124508519004,0.8389182833627278,0.9937090432503276,0.851764705882353,0.9950199855841688,0.850412249705536,0.9931206184891568,0.8476077968103958,0.9927298925858004,0.8479289940828403,0.9934516403640888,0.8465639810426541,0.9952857984678845,0.8509501187648456,0.9945015382601297,4.210725727180295,0.03354407290187916,0.008540073437954055,0.0008050008975467433
29,149.891445684433,0.46876816749572753,0.8438771298862096,0.9939338263138282,60,200,"{'max_depth': 60, 'n_estimators': 200}",40,0.8456572769953051,0.9937078062528676,0.8213866039952996,0.994429517006357,0.8400940623162846,0.9940366972477064,0.8330393885949442,0.9946920052424639,0.8452941176470589,0.9936439289692681,0.8498233215547704,0.9933826901657603,0.854695806261075,0.9933848572177102,0.8526627218934911,0.9940409927313208,0.8489336492890995,0.9945000982125319,0.8473871733966746,0.9935196700922956,3.8034137213809003,0.0733229331757163,0.009548522519990015,0.0004555265656574933
30,20.27488238811493,0.04896631240844727,0.749307234243264,0.988503072324707,80,20,"{'max_depth': 80, 'n_estimators': 20}",95,0.7505868544600939,0.9887920298879203,0.7309048178613397,0.9894488498590995,0.7536743092298648,0.9872870249017038,0.7319223985890653,0.9899082568807339,0.741764705882353,0.988401808531551,0.7520612485276796,0.9882067745528402,0.7708210277613704,0.9867042179722295,0.7804733727810651,0.98893327221531,0.7517772511848341,0.9882144961697112,0.7292161520190024,0.9891339922759704,0.6686516493281713,0.008113623729044494,0.016015597682167596,0.0009182395343396484
31,41.48312895298004,0.10866444110870362,0.8001297093331761,0.9958793440915438,80,40,"{'max_depth': 80, 'n_estimators': 40}",78,0.8051643192488263,0.9953463983745167,0.7925969447708578,0.9946261222884855,0.8059964726631393,0.9961336828309305,0.7795414462081128,0.997051114023591,0.7964705882352942,0.9958718301552978,0.7932862190812721,0.9959378890126449,0.8121677495569994,0.994825779407912,0.8112426035502959,0.9963329186038897,0.8127962085308057,0.9961369737445165,0.7921615201900237,0.9965307324736532,1.7246842133350293,0.020043879154811237,0.010453446558762963,0.0007142983412601402
32,65.77634716033936,0.16905474662780762,0.8235953068804905,0.9974254714996299,80,60,"{'max_depth': 80, 'n_estimators': 60}",66,0.8163145539906104,0.9973782526053615,0.8072855464159812,0.9969853856740284,0.8318636096413874,0.9980996068152032,0.8159905937683716,0.9972477064220183,0.8258823529411765,0.9970513072537841,0.8250883392226148,0.9980999803446242,0.8334317779090372,0.9973146450091696,0.8349112426035503,0.9973806561456355,0.8293838862559242,0.9971845740849866,0.815914489311164,0.9975126006414872,1.5250565786227508,0.012137631217528916,0.008776765397073257,0.0003683529622415861
33,86.95875780582428,0.23224658966064454,0.8312599492954424,0.9979298128215142,80,80,"{'max_depth': 80, 'n_estimators': 80}",54,0.8257042253521126,0.9980336894540212,0.8172737955346651,0.9970509207680713,0.8283362727807172,0.9979685452162517,0.8242210464432687,0.9979685452162517,0.8347058823529412,0.9979031518249132,0.8333333333333334,0.9977723907488698,0.8417011222681631,0.9981660990306523,0.8366863905325443,0.9981009757055858,0.8370853080568721,0.9979047993190597,0.833729216152019,0.9984290109314656,1.5637666967974508,0.026097435793780335,0.006926441173172579,0.00033862764870611246
34,107.90810544490814,0.2726792812347412,0.8376274983786334,0.9982639812853049,80,100,"{'max_depth': 80, 'n_estimators': 100}",48,0.8321596244131455,0.9982958641934849,0.81786133960047,0.9979684120846714,0.8383303938859494,0.998165137614679,0.8306878306878307,0.9985583224115334,0.84,0.9982307843522705,0.8351001177856302,0.9984275699403787,0.8464264619019493,0.9982315954938433,0.8562130177514793,0.9978390413201493,0.8353080568720379,0.9984940745105743,0.8444180522565321,0.9984290109314656,2.092448231556419,0.02066394728579831,0.009775087697000235,0.00021781832254036979
35,125.74562771320343,0.36058435440063474,0.8419314898885679,0.9982246645267603,80,120,"{'max_depth': 80, 'n_estimators': 120}",43,0.835093896713615,0.9980336894540212,0.8190364277320799,0.9978373418965856,0.8412698412698413,0.9987549148099607,0.8330393885949442,0.9985583224115334,0.85,0.9984273638686849,0.8409893992932862,0.9975758369914172,0.848198464264619,0.9981660990306523,0.8538461538461538,0.9978390413201493,0.8501184834123223,0.998625024553133,0.8479809976247031,0.9984290109314656,1.717015575503026,0.0670909972288455,0.010012730971016882,0.00037352753816005224
36,147.18960201740265,0.3852816581726074,0.8442898414008608,0.9982835873148599,80,140,"{'max_depth': 80, 'n_estimators': 140}",39,0.840962441314554,0.9977715147145573,0.8237367802585194,0.998099482272757,0.8418577307466196,0.9982306684141546,0.8283362727807172,0.9987549148099607,0.8482352941176471,0.9983618373632134,0.8492343934040048,0.9979689445063225,0.854695806261075,0.9982970919570343,0.8538461538461538,0.9981009757055858,0.851303317535545,0.9987559745956918,0.8509501187648456,0.9984944688093212,1.8459267365122647,0.047958984254961604,0.010140812720898233,0.00030452197330074976
37,167.28981721401215,0.47418487071990967,0.8460586050350805,0.9984605436346025,80,160,"{'max_depth': 80, 'n_estimators': 160}",33,0.8427230046948356,0.9982958641934849,0.8307873090481787,0.9985582279310571,0.8442092886537331,0.9984927916120576,0.8389182833627278,0.9987549148099607,0.8458823529411764,0.9986239433850993,0.8521790341578327,0.9981654982637751,0.8517424689899586,0.9984935813466073,0.8532544378698225,0.9984283936873813,0.851303317535545,0.9986904995744124,0.8497624703087886,0.9981017215421876,3.2331739814120977,0.07936622658715847,0.006798038756263367,0.00020539358512892573
38,189.94863402843475,0.49952552318572996,0.8481221626083367,0.998408143472181,80,180,"{'max_depth': 80, 'n_estimators': 180}",29,0.8433098591549296,0.9984269515632169,0.8249118683901293,0.9983616226489285,0.8459729570840682,0.9985583224115334,0.8436213991769548,0.9988204456094364,0.8505882352941176,0.9984928903741563,0.8533568904593639,0.9983620520212279,0.8564678086237448,0.9979041131778884,0.8562130177514793,0.9982974264946631,0.851303317535545,0.9984285994892949,0.8557007125890737,0.9984290109314656,3.530192940510063,0.04096436410456685,0.009078432450905683,0.00021714737919413182
39,211.57541716098785,0.5604617834091187,0.8480042450327221,0.9984539596704284,80,200,"{'max_depth': 80, 'n_estimators': 200}",30,0.8433098591549296,0.9982958641934849,0.8284371327849589,0.9982305524608428,0.8465608465608465,0.9988859764089122,0.8371546149323927,0.9988204456094364,0.8582352941176471,0.998165257846799,0.8551236749116607,0.9980999803446242,0.8511518015357353,0.9984935813466073,0.8585798816568048,0.9986903280728178,0.8489336492890995,0.9984285994892949,0.8527315914489311,0.9984290109314656,3.8255440156558707,0.043849077881095794,0.009091339843068591,0.00025752882367679976
40,25.413387107849122,0.060692882537841795,0.7605094039266552,0.9956239571923451,100,20,"{'max_depth': 100, 'n_estimators': 20}",90,0.7717136150234741,0.9954774857442485,0.7502937720329025,0.9958057539812569,0.7595532039976485,0.9951507208387942,0.7372134038800705,0.9963302752293578,0.7405882352941177,0.9958063036498264,0.765017667844523,0.995872371093494,0.77436503248671,0.994825779407912,0.7656804733727811,0.9955471154475803,0.7772511848341233,0.9952203234466052,0.7636579572446556,0.9962034430843753,1.7989315111055684,0.015427198961973095,0.013043025048129956,0.00044877811880715855
41,50.51711127758026,0.11402757167816162,0.8049053711455693,0.999004252757232,100,40,"{'max_depth': 100, 'n_estimators': 40}",77,0.7981220657276995,0.9988202136724127,0.7937720329024677,0.9986892981191428,0.8059964726631393,0.9990170380078637,0.7871840094062317,0.9991480996068152,0.808235294117647,0.9992136819343425,0.7985865724381626,0.9991482670510384,0.815711754282339,0.9989520565889441,0.8171597633136095,0.999410647632768,0.8056872037914692,0.9988869246382505,0.8188836104513064,0.9987563003207436,2.1690649790792293,0.01302005248725209,0.009993216525507585,0.0002148605170150241
42,76.64093732833862,0.1854877471923828,0.8269559577855079,0.9992728471091628,100,60,"{'max_depth': 100, 'n_estimators': 60}",61,0.823943661971831,0.9994756505210723,0.8049353701527615,0.9986237630250999,0.829512051734274,0.999737876802097,0.8271604938271605,0.9993446920052425,0.8329411764705882,0.9992792084398139,0.8156654888103652,0.9993448208084911,0.8428824571766096,0.9990830495153262,0.842603550295858,0.9992141968436906,0.8228672985781991,0.9993452497872062,0.8271971496437055,0.9992799633435884,1.9037612492184641,0.03635888133421056,0.01086129731527331,0.00027089299090934585
43,102.84187912940979,0.23572487831115724,0.835917693532221,0.9995414590269963,100,80,"{'max_depth': 100, 'n_estimators': 80}",51,0.8345070422535211,0.9996067378908042,0.8231492361927144,0.9994757192476571,0.8318636096413874,0.9998034076015727,0.8177542621987066,0.9995412844036697,0.8347058823529412,0.9996068409671712,0.8303886925795053,0.9996068924850947,0.8499704666272888,0.9992795389048992,0.8502958579881656,0.999410647632768,0.8447867298578199,0.9997380999148825,0.8420427553444181,0.999345421221444,2.0510646148654526,0.027389772224617852,0.010313402455051362,0.00015766061702817847
44,127.51627633571624,0.2974943876266479,0.8446435941277047,0.9995938420449291,100,100,"{'max_depth': 100, 'n_estimators': 100}",38,0.8427230046948356,0.9996067378908042,0.8249118683901293,0.9995412543416999,0.8518518518518519,0.999737876802097,0.8412698412698413,0.9995412844036697,0.8435294117647059,0.9994102614507568,0.8356890459363958,0.9997379283233965,0.8470171293561725,0.9996725176840451,0.8562130177514793,0.9995416148254862,0.8554502369668247,0.9996071498723237,0.8479809976247031,0.9995417948550108,1.608047095103566,0.05699735481598085,0.008976199307569255,9.628412298377097e-05
45,147.3851900100708,0.3258126497268677,0.8460586050350805,0.9997052160896974,100,120,"{'max_depth': 100, 'n_estimators': 120}",33,0.8450704225352113,0.9996722815756702,0.8260869565217391,0.9996067894357429,0.8430335097001763,0.9999344692005242,0.8353909465020576,0.9998034076015727,0.8570588235294118,0.9996723674726427,0.8380447585394581,0.9996724104042456,0.861193148257531,0.9996725176840451,0.8526627218934911,0.9996725820182044,0.8548578199052133,0.9996726248936031,0.8473871733966746,0.999672710610722,7.184025354048309,0.05356816087213737,0.010300580179979927,8.90950366025367e-05
46,175.66649956703185,0.3870062828063965,0.8488296680620246,0.9995938368970659,100,140,"{'max_depth': 100, 'n_estimators': 140}",27,0.8509389671361502,0.9994101068362063,0.8237367802585194,0.9994101841536143,0.8477366255144033,0.999737876802097,0.8406819517930629,0.9998689384010485,0.8541176470588235,0.9995413144616998,0.8474676089517079,0.9996724104042456,0.8623744831659775,0.9996070212208541,0.8585798816568048,0.9994761312291272,0.8572274881516587,0.9995416748510443,0.8456057007125891,0.999672710610722,5.048876976126847,0.01678828622584806,0.01045146208042411,0.000139934338828135
47,197.74517419338227,0.45355920791625975,0.8501267613937857,0.9995807170082213,100,160,"{'max_depth': 100, 'n_estimators': 160}",22,0.8491784037558685,0.9994101068362063,0.8284371327849589,0.9995412543416999,0.8524397413286302,0.9996068152031454,0.8365667254556144,0.9995412844036697,0.8547058823529412,0.9995413144616998,0.8474676089517079,0.9997379283233965,0.8641464855286474,0.9995415247576631,0.8585798816568048,0.9994761312291272,0.856042654028436,0.9997380999148825,0.8539192399049881,0.999672710610722,8.85613689022503,0.0547774852281694,0.010036679331236035,0.00010240876774875776
48,226.7748243331909,0.5446799993515015,0.8528388656329225,0.9996790123510021,100,180,"{'max_depth': 100, 'n_estimators': 180}",19,0.8503521126760564,0.9998033689454021,0.8296122209165687,0.9996723245297857,0.8559670781893004,0.9994757536041939,0.8465608465608465,0.9996068152031454,0.8541176470588235,0.9999344734945286,0.8533568904593639,0.9996724104042456,0.8552864737152983,0.9996725176840451,0.863905325443787,0.9996725820182044,0.8566350710900474,0.9996726248936031,0.8628266033254157,0.9996072527328664,4.325776919191357,0.04355633689553032,0.00916628040774675,0.00011515797396388001
49,257.3399915218353,0.5848906755447387,0.8530157419963446,0.9996397033070507,100,200,"{'max_depth': 100, 'n_estimators': 200}",18,0.852112676056338,0.9997378252605361,0.8384253819036428,0.9995412543416999,0.8583186360964139,0.9995412844036697,0.8506760728982952,0.9996068152031454,0.8535294117647059,0.9998034204835856,0.8439340400471143,0.9996068924850947,0.8582398109864147,0.9997380141472361,0.8568047337278106,0.9996725820182044,0.8590047393364929,0.9996071498723237,0.8592636579572447,0.9995417948550108,3.7712642521041744,0.054653389731808034,0.006685544179551053,8.908406727584325e-05
50,29.29479513168335,0.05992460250854492,0.756264371204528,0.9987095207845871,120,20,"{'max_depth': 120, 'n_estimators': 20}",91,0.7588028169014085,0.9990823884118765,0.7497062279670975,0.9986237630250999,0.7642563198118754,0.9988859764089122,0.7583774250440917,0.9988859764089122,0.7405882352941177,0.9984273638686849,0.7614840989399293,0.9991482670510384,0.761370348493798,0.9982970919570343,0.7497041420118343,0.9989522624582542,0.764218009478673,0.998297649446736,0.7541567695961995,0.9984944688093212,0.9729731656632993,0.006209214239520435,0.007266514518681283,0.00030424908479093646
51,59.28377001285553,0.12688791751861572,0.8102706208360356,0.9997969141499781,120,40,"{'max_depth': 120, 'n_estimators': 40}",72,0.8016431924882629,0.9996722815756702,0.790834312573443,0.9996723245297857,0.8101116990005879,0.9996068152031454,0.8177542621987066,0.9998689384010485,0.8141176470588235,1.0,0.8044758539458187,0.9999344820808491,0.8174837566450088,0.999869007073618,0.814792899408284,0.9998035492109226,0.8116113744075829,0.9998035749361619,0.8200712589073634,0.9997381684885775,2.1748466205211314,0.007211392245906527,0.008532139045027445,0.00011886403363900733
52,90.03103659152984,0.19232542514801027,0.8261894935440127,0.999836221917872,120,60,"{'max_depth': 120, 'n_estimators': 60}",64,0.8104460093896714,0.9998689126302681,0.8190364277320799,0.9999344649059572,0.8218694885361552,0.9999344692005242,0.8159905937683716,0.9998034076015727,0.8347058823529412,0.9996723674726427,0.8274440518256773,0.9997379283233965,0.8375664500886001,0.999803510610427,0.8402366863905325,0.9998035492109226,0.830568720379147,0.9999345249787206,0.8242280285035629,0.9998690842442888,1.013499464389406,0.03367420259647722,0.009199892931661464,8.41668253576299e-05
53,117.54119572639465,0.23673613071441652,0.8341489298980013,0.9999148335583052,120,80,"{'max_depth': 120, 'n_estimators': 80}",52,0.829225352112676,0.9998689126302681,0.81786133960047,0.9998689298119143,0.8283362727807172,0.9999344692005242,0.8236331569664903,0.9999344692005242,0.84,1.0,0.8333333333333334,0.9998689641616982,0.8381571175428234,0.999869007073618,0.8443786982248521,0.9999345164036408,0.8412322274881516,0.9999345249787206,0.8456057007125891,0.9999345421221444,2.507550545342625,0.03803694244370742,0.008780039090414749,4.1961872476236515e-05
54,144.89304161071777,0.2905225992202759,0.8436412947349803,0.9999279435817922,120,100,"{'max_depth': 120, 'n_estimators': 100}",42,0.8450704225352113,0.999934456315134,0.8213866039952996,0.9999344649059572,0.8477366255144033,1.0,0.8283362727807172,0.9998689384010485,0.8511764705882353,1.0,0.8451118963486455,0.9999344820808491,0.8511518015357353,0.999803510610427,0.8603550295857988,0.9999345164036408,0.8453791469194313,0.9999345249787206,0.8408551068883611,0.9999345421221444,4.4362926695396645,0.020082692292674603,0.010748130955768887,5.441248328183187e-05
55,170.7645446062088,0.3434458255767822,0.8482990389717587,0.9999344885059438,120,120,"{'max_depth': 120, 'n_estimators': 120}",28,0.8509389671361502,0.9998689126302681,0.8249118683901293,0.9999344649059572,0.84891240446796,1.0,0.8412698412698413,0.9998689384010485,0.8488235294117648,1.0,0.8545347467608951,0.9999344820808491,0.8617838157117543,0.999934503536809,0.8662721893491124,0.9999345164036408,0.8388625592417062,0.9999345249787206,0.8467933491686461,0.9999345421221444,5.512193086222287,0.029526951381611325,0.011132156506724365,4.144940197008551e-05
56,205.13821530342102,0.441900372505188,0.8501267613937857,0.9999279345668576,120,140,"{'max_depth': 120, 'n_estimators': 140}",22,0.8538732394366197,0.9998033689454021,0.8307873090481787,0.9999344649059572,0.8477366255144033,1.0,0.847148736037625,0.9999344692005242,0.8576470588235294,0.9999344734945286,0.8468786808009423,0.9999344820808491,0.8576491435321913,0.999934503536809,0.8585798816568048,0.9999345164036408,0.8459715639810427,0.9999345249787206,0.8551068883610451,0.9999345421221444,4.590762378656519,0.029399935077105484,0.008004849782323032,4.588524843576179e-05
57,232.22914996147156,0.49822173118591306,0.854018041389069,0.9999410415858915,120,160,"{'max_depth': 120, 'n_estimators': 160}",14,0.8503521126760564,0.9998689126302681,0.836075205640423,0.9999344649059572,0.8453850676072898,1.0,0.8500881834215167,0.9999344692005242,0.8723529411764706,1.0,0.8527679623085983,0.9999344820808491,0.8558771411695215,0.999934503536809,0.8585798816568048,0.9999345164036408,0.8601895734597157,0.9999345249787206,0.8586698337292161,0.9999345421221444,4.94788156988737,0.03577509457586624,0.009213473887131785,3.5290628769836825e-05
58,260.0080947637558,0.5418720722198487,0.8531926183597666,0.999901738983508,120,180,"{'max_depth': 120, 'n_estimators': 180}",17,0.8503521126760564,0.999934456315134,0.8407755581668626,0.9998689298119143,0.8483245149911817,1.0,0.8383303938859494,0.9998689384010485,0.8647058823529412,0.999868946989057,0.8551236749116607,0.9999344820808491,0.8582398109864147,0.999803510610427,0.8633136094674556,0.9999345164036408,0.8572274881516587,0.9999345249787206,0.8557007125890737,0.9998690842442888,8.969073261563066,0.02316450422354997,0.008334575318819175,5.2810815605256697e-05
59,289.4072743177414,0.6725696802139283,0.8544307529037203,0.9999213870658537,120,200,"{'max_depth': 120, 'n_estimators': 200}",13,0.8573943661971831,0.9998033689454021,0.8313748531139835,0.9999344649059572,0.8565549676660787,1.0,0.8418577307466196,0.9999344692005242,0.8588235294117647,1.0,0.8527679623085983,0.9998689641616982,0.863555818074424,0.999934503536809,0.8615384615384616,0.9998690328072818,0.8601895734597157,0.9999345249787206,0.8604513064133017,0.9999345421221444,7.067247815467322,0.1020391461488051,0.0096429551556934,5.712903559132874e-05
60,31.810211086273192,0.0607241153717041,0.7546724839337303,0.999587312999536,140,20,"{'max_depth': 140, 'n_estimators': 20}",94,0.7576291079812206,0.9996722815756702,0.7461809635722679,0.9998033947178714,0.7542621987066431,0.9996723460026212,0.7501469723691946,0.9992791612057668,0.7605882352941177,0.9997378939781142,0.7632508833922261,0.9996068924850947,0.7536916715888955,0.999803510610427,0.7692307692307693,0.9994761312291272,0.7381516587677726,0.9990833497020887,0.753562945368171,0.9997381684885775,1.664574683893909,0.006532045346090144,0.008340224439111983,0.00022693529291065325
61,63.99696755409241,0.13343687057495118,0.8124520959849065,0.9999279512988594,140,40,"{'max_depth': 140, 'n_estimators': 40}",71,0.8022300469483568,0.999934456315134,0.8049353701527615,0.9999344649059572,0.8165784832451499,1.0,0.7883597883597884,0.9998689384010485,0.8170588235294117,1.0,0.8144876325088339,0.9999344820808491,0.8204370939161252,0.999934503536809,0.8189349112426035,0.9999345164036408,0.8287914691943128,0.9999345249787206,0.8129453681710214,0.9998036263664332,1.7117658616773714,0.015208566199908234,0.010759865315498015,5.438555021357514e-05
62,97.38689012527466,0.19137794971466066,0.8298449383880667,0.9999344958017028,140,60,"{'max_depth': 140, 'n_estimators': 60}",57,0.8233568075117371,0.999934456315134,0.8249118683901293,0.9999344649059572,0.8283362727807172,1.0,0.8224573780129336,0.9999344692005242,0.8276470588235294,0.9999344734945286,0.826266195524146,0.9999344820808491,0.8440637920850561,0.999934503536809,0.8396449704142012,0.9999345164036408,0.8341232227488151,0.9998690499574412,0.827790973871734,0.9999345421221444,2.2136805801728716,0.023136387719857654,0.006791893079923783,2.9281333751657197e-05
63,128.68756301403045,0.2549948215484619,0.8368020753493308,0.9999410424449737,140,80,"{'max_depth': 140, 'n_estimators': 80}",49,0.8327464788732394,0.999934456315134,0.8207990599294948,0.9998689298119143,0.8371546149323927,1.0,0.831275720164609,0.9999344692005242,0.841764705882353,1.0,0.8333333333333334,0.9999344820808491,0.8393384524512699,0.999934503536809,0.8396449704142012,0.9999345164036408,0.8465639810426541,0.9999345249787206,0.8456057007125891,0.9999345421221444,2.794049958730671,0.032245249206556324,0.0072612693808032005,3.5287277538978476e-05
64,159.89921329021453,0.31439425945281985,0.8469429868521903,0.999947595954378,140,100,"{'max_depth': 140, 'n_estimators': 100}",32,0.846244131455399,0.999934456315134,0.8278495887191539,0.9999344649059572,0.8406819517930629,1.0,0.8383303938859494,0.9999344692005242,0.85,1.0,0.8486454652532391,0.9999344820808491,0.861193148257531,0.999934503536809,0.8562130177514793,0.9999345164036408,0.8495260663507109,0.9999345249787206,0.8509501187648456,0.9999345421221444,5.418942536239829,0.028812439882217687,0.008962105663204665,2.6202035949090185e-05
65,191.8577909708023,0.3937386035919189,0.8491244620010613,0.99994104845225,140,120,"{'max_depth': 140, 'n_estimators': 120}",26,0.8444835680751174,0.999934456315134,0.8343125734430082,0.9999344649059572,0.8483245149911817,1.0,0.8389182833627278,0.9999344692005242,0.8564705882352941,1.0,0.8492343934040048,0.9999344820808491,0.8564678086237448,0.999934503536809,0.8568047337278106,0.9999345164036408,0.8566350710900474,0.9998690499574412,0.8497624703087886,0.9999345421221444,2.833629166861151,0.03129104284592829,0.007550818380996904,3.52638515590287e-05
66,219.7464151620865,0.43918871879577637,0.8534874122988031,0.999947595954378,140,140,"{'max_depth': 140, 'n_estimators': 140}",16,0.8503521126760564,0.999934456315134,0.8343125734430082,0.9999344649059572,0.8542034097589654,1.0,0.8447971781305115,0.9999344692005242,0.8588235294117647,1.0,0.8580683156654888,0.9999344820808491,0.8594211458948612,0.999934503536809,0.8656804733727811,0.9999345164036408,0.8572274881516587,0.9999345249787206,0.8521377672209026,0.9999345421221444,8.947448938817743,0.05842912590837201,0.008388327585939045,2.6202035949090185e-05
67,252.59446897506714,0.5007396221160889,0.8547255468427569,0.999947595954378,140,160,"{'max_depth': 140, 'n_estimators': 160}",12,0.857981220657277,0.999934456315134,0.8384253819036428,0.9999344649059572,0.8565549676660787,1.0,0.8453850676072898,0.9999344692005242,0.8594117647058823,1.0,0.8539458186101295,0.9999344820808491,0.8600118133490845,0.999934503536809,0.8585798816568048,0.9999345164036408,0.8542654028436019,0.9999345249787206,0.8628266033254157,0.9999345421221444,10.812530738760355,0.041124169790919825,0.007062626266343152,2.6202035949090185e-05
68,285.1255355596542,0.5699867725372314,0.8569070219916278,0.999947595954378,140,180,"{'max_depth': 140, 'n_estimators': 180}",3,0.8568075117370892,0.999934456315134,0.8431257344300822,0.9999344649059572,0.8589065255731922,1.0,0.8447971781305115,0.9999344692005242,0.8588235294117647,1.0,0.8586572438162544,0.9999344820808491,0.8665091553455405,0.999934503536809,0.8644970414201183,0.9999345164036408,0.8548578199052133,0.9999345249787206,0.8622327790973872,0.9999345421221444,9.27202708993323,0.08814472762929872,0.007281472181588153,2.6202035949090185e-05
69,320.1784385919571,0.6464154958724976,0.858027238959967,0.999947595954378,140,200,"{'max_depth': 140, 'n_estimators': 200}",1,0.8556338028169014,0.999934456315134,0.8413631022326674,0.9999344649059572,0.866549088771311,1.0,0.8483245149911817,0.9999344692005242,0.8623529411764705,1.0,0.8586572438162544,0.9999344820808491,0.8659184878913172,0.999934503536809,0.8662721893491124,0.9999345164036408,0.8584123222748815,0.9999345249787206,0.8568883610451307,0.9999345421221444,4.862400060959541,0.06619916868794344,0.007759776836310303,2.6202035949090185e-05
70,32.20640563964844,0.06090312004089356,0.7557337421142621,0.9997707108476532,160,20,"{'max_depth': 160, 'n_estimators': 20}",93,0.7593896713615024,0.9998033689454021,0.7514688601645123,0.9997378596238286,0.7583774250440917,0.9998689384010485,0.7513227513227513,0.9995412844036697,0.7470588235294118,0.999868946989057,0.7491166077738516,0.9996724104042456,0.7631423508564678,0.999869007073618,0.7497041420118343,0.9998035492109226,0.7577014218009479,0.9998035749361619,0.7701900237529691,0.9997381684885775,3.6882087822772345,0.011129303983827587,0.006926937112999635,9.829739362830933e-05
71,67.16967446804047,0.123164701461792,0.8089145687164672,0.9999410463080588,160,40,"{'max_depth': 160, 'n_estimators': 40}",73,0.812793427230047,0.999934456315134,0.7873090481786134,0.9999344649059572,0.8036449147560258,1.0,0.8112874779541446,0.9999344692005242,0.8229411764705883,1.0,0.8050647820965842,0.9999344820808491,0.8210277613703485,0.999869007073618,0.814792899408284,0.9999345164036408,0.8062796208530806,0.9999345249787206,0.8040380047505938,0.9999345421221444,4.190246102174498,0.023553990291603523,0.009697848838386909,3.527221142913536e-05
72,102.62712807655335,0.1990553617477417,0.8284888862684984,0.999947595954378,160,60,"{'max_depth': 160, 'n_estimators': 60}",58,0.8262910798122066,0.999934456315134,0.8196239717978848,0.9999344649059572,0.8253968253968254,1.0,0.8206937095825985,0.9999344692005242,0.8323529411764706,1.0,0.8256772673733804,0.9999344820808491,0.8417011222681631,0.999934503536809,0.834319526627219,0.9999345164036408,0.8204976303317536,0.9999345249787206,0.838479809976247,0.9999345421221444,3.3375752973066137,0.021698257567082196,0.007402032834045462,2.6202035949090185e-05
73,134.6540555238724,0.2596206903457642,0.8395141795884676,0.9999410501665924,160,80,"{'max_depth': 160, 'n_estimators': 80}",47,0.8438967136150235,0.999934456315134,0.8313748531139835,0.9999344649059572,0.8412698412698413,1.0,0.8277483833039389,0.9999344692005242,0.8388235294117647,1.0,0.8421672555948174,0.9999344820808491,0.8458357944477259,0.999934503536809,0.8544378698224852,0.9999345164036408,0.8441943127962085,0.9999345249787206,0.8254156769596199,0.9998690842442888,4.92120506117684,0.04599297854037849,0.008462737165074842,3.525716889737531e-05
74,168.73909244537353,0.3451136350631714,0.8449973468545486,0.999947595954378,160,100,"{'max_depth': 160, 'n_estimators': 100}",36,0.8433098591549296,0.999934456315134,0.8354876615746181,0.9999344649059572,0.8406819517930629,1.0,0.8330393885949442,0.9999344692005242,0.8547058823529412,1.0,0.8486454652532391,0.9999344820808491,0.8499704666272888,0.999934503536809,0.8414201183431953,0.9999345164036408,0.8566350710900474,0.9999345249787206,0.8461995249406176,0.9999345421221444,5.164683800341955,0.0514961595438746,0.007329051456569887,2.6202035949090185e-05
75,199.90188865661622,0.36173334121704104,0.8478863274571075,0.999947595954378,160,120,"{'max_depth': 160, 'n_estimators': 120}",31,0.8491784037558685,0.999934456315134,0.8301997649823737,0.9999344649059572,0.84891240446796,1.0,0.8442092886537331,0.9999344692005242,0.851764705882353,1.0,0.8498233215547704,0.9999344820808491,0.8505611340815121,0.999934503536809,0.8473372781065088,0.9999345164036408,0.8518957345971564,0.9999345249787206,0.8551068883610451,0.9999345421221444,8.544780016691238,0.02852094670813779,0.006513317122998189,2.6202035949090185e-05
76,235.94895694255828,0.4578715801239014,0.8559047225989034,0.999947595954378,160,140,"{'max_depth': 160, 'n_estimators': 140}",9,0.8573943661971831,0.999934456315134,0.8372502937720329,0.9999344649059572,0.8559670781893004,1.0,0.8459729570840682,0.9999344692005242,0.8547058823529412,1.0,0.8557126030624264,0.9999344820808491,0.8659184878913172,0.999934503536809,0.863905325443787,0.9999345164036408,0.8649289099526066,0.9999345249787206,0.8574821852731591,0.9999345421221444,6.117309410317272,0.025646239874442027,0.008361956918230738,2.6202035949090185e-05
77,268.00633358955383,0.4998945951461792,0.8550792995696008,0.999947595954378,160,160,"{'max_depth': 160, 'n_estimators': 160}",11,0.857981220657277,0.999934456315134,0.8401880141010576,0.9999344649059572,0.8589065255731922,1.0,0.8447971781305115,0.9999344692005242,0.8605882352941177,1.0,0.8539458186101295,0.9999344820808491,0.863555818074424,0.999934503536809,0.857396449704142,0.9999345164036408,0.856042654028436,0.9999345249787206,0.8574821852731591,0.9999345421221444,6.472909916014692,0.0397271245536704,0.006834691880156202,2.6202035949090185e-05
78,300.99582452774047,0.6202372312545776,0.8559636813867106,0.999947595954378,160,180,"{'max_depth': 160, 'n_estimators': 180}",8,0.8626760563380281,0.999934456315134,0.8401880141010576,0.9999344649059572,0.8600823045267489,1.0,0.8371546149323927,0.9999344692005242,0.8652941176470588,1.0,0.8533568904593639,0.9999344820808491,0.8641464855286474,0.999934503536809,0.8603550295857988,0.9999345164036408,0.860781990521327,0.9999345249787206,0.8557007125890737,0.9999345421221444,12.919925555473746,0.09121440483319922,0.009327930688506613,2.6202035949090185e-05
79,336.2997007369995,0.6675572633743286,0.8566122280525912,0.999947595954378,160,200,"{'max_depth': 160, 'n_estimators': 200}",4,0.8532863849765259,0.999934456315134,0.836662749706228,0.9999344649059572,0.8606701940035273,1.0,0.8536155202821869,0.9999344692005242,0.8635294117647059,1.0,0.8568904593639576,0.9999344820808491,0.8629651506202008,0.999934503536809,0.8591715976331361,0.9999345164036408,0.8578199052132701,0.9999345249787206,0.8616389548693587,0.9999345421221444,10.761465481074238,0.050315635800378435,0.007465832638601003,2.6202035949090185e-05
80,33.97737364768982,0.06377170085906983,0.7609221154413065,0.9998689752961984,180,20,"{'max_depth': 180, 'n_estimators': 20}",89,0.778169014084507,0.9998033689454021,0.7244418331374853,0.9998689298119143,0.7430922986478542,1.0,0.7507348618459729,0.9996723460026212,0.7788235294117647,0.9999344734945286,0.7502944640753828,0.9998689641616982,0.7578263437684584,0.999934503536809,0.7834319526627219,0.9998690328072818,0.768957345971564,0.9998690499574412,0.7737529691211401,0.9998690842442888,1.617272607356907,0.0050303578487934505,0.017982220888241106,8.28967626690523e-05
81,71.19340667724609,0.14245007038116456,0.806497258416367,0.9999410428744303,180,40,"{'max_depth': 180, 'n_estimators': 40}",76,0.8063380281690141,0.999934456315134,0.7831962397179788,0.9999344649059572,0.7995296884185773,0.9999344692005242,0.7924750146972369,0.9999344692005242,0.8111764705882353,1.0,0.8085983510011778,0.9999344820808491,0.8227997637330183,0.999934503536809,0.814792899408284,0.9999345164036408,0.8175355450236966,0.9999345249787206,0.8087885985748219,0.9999345421221444,1.5716275258020844,0.019632638664589915,0.011302326714205974,1.965239420517796e-05
82,107.21345002651215,0.1949910879135132,0.8310241141442132,0.9999410428744303,180,60,"{'max_depth': 180, 'n_estimators': 60}",55,0.8315727699530516,0.999934456315134,0.8137485311398355,0.9999344649059572,0.829512051734274,0.9999344692005242,0.8265726043503822,0.9999344692005242,0.84,1.0,0.8292108362779741,0.9999344820808491,0.8369757826343769,0.999934503536809,0.8479289940828403,0.9999345164036408,0.8240521327014217,0.9999345249787206,0.8307600950118765,0.9999345421221444,2.4643914589487013,0.0122063957238212,0.008800831297939725,1.965239420517796e-05
83,138.4183566570282,0.2612424373626709,0.8417546135251459,0.999947595954378,180,80,"{'max_depth': 180, 'n_estimators': 80}",44,0.8497652582159625,0.999934456315134,0.8225616921269095,0.9999344649059572,0.8418577307466196,1.0,0.8300999412110524,0.9999344692005242,0.8464705882352941,1.0,0.8362779740871613,0.9999344820808491,0.8529238038984052,0.999934503536809,0.849112426035503,0.9999345164036408,0.8477488151658767,0.9999345249787206,0.8408551068883611,0.9999345421221444,5.415824453015944,0.03800782877302912,0.009152594442046053,2.6202035949090185e-05
84,177.04813570976256,0.33570911884307864,0.8447025529155121,0.999947595954378,180,100,"{'max_depth': 180, 'n_estimators': 100}",37,0.852112676056338,0.999934456315134,0.8319623971797885,0.9999344649059572,0.8495002939447384,1.0,0.8353909465020576,0.9999344692005242,0.8488235294117648,1.0,0.8415783274440518,0.9999344820808491,0.8541051388068518,0.999934503536809,0.849112426035503,0.9999345164036408,0.8436018957345972,0.9999345249787206,0.8408551068883611,0.9999345421221444,3.629327319074832,0.045742371327476675,0.006916670981555715,2.6202035949090185e-05
85,209.9359087228775,0.39796061515808107,0.8492423795766759,0.999947595954378,180,120,"{'max_depth': 180, 'n_estimators': 120}",25,0.8438967136150235,0.999934456315134,0.8301997649823737,0.9999344649059572,0.8600823045267489,1.0,0.8412698412698413,0.9999344692005242,0.8558823529411764,1.0,0.8457008244994111,0.9999344820808491,0.8629651506202008,0.999934503536809,0.8615384615384616,0.9999345164036408,0.8477488151658767,0.9999345249787206,0.8432304038004751,0.9999345421221444,5.635354391309675,0.046687438586775105,0.010038195792819362,2.6202035949090185e-05
86,243.0880383014679,0.4445082664489746,0.8555509698720595,0.999947595954378,180,140,"{'max_depth': 180, 'n_estimators': 140}",10,0.8509389671361502,0.999934456315134,0.8431257344300822,0.9999344649059572,0.8612580834803057,1.0,0.8418577307466196,0.9999344692005242,0.8658823529411764,1.0,0.8539458186101295,0.9999344820808491,0.8682811577082102,0.999934503536809,0.8544378698224852,0.9999345164036408,0.8625592417061612,0.9999345249787206,0.8533254156769596,0.9999345421221444,12.50429953211251,0.03066314486455497,0.008505070815110857,2.6202035949090185e-05
87,277.4734178543091,0.492691707611084,0.8527209480573079,0.999947595954378,180,160,"{'max_depth': 180, 'n_estimators': 160}",20,0.8568075117370892,0.999934456315134,0.8301997649823737,0.9999344649059572,0.8530276308054086,1.0,0.8395061728395061,0.9999344692005242,0.8641176470588235,1.0,0.8533568904593639,0.9999344820808491,0.8682811577082102,0.999934503536809,0.855621301775148,0.9999345164036408,0.8518957345971564,0.9999345249787206,0.8545130641330166,0.9999345421221444,12.738730806947249,0.050862499167082284,0.01041868080569602,2.6202035949090185e-05
88,314.45632710456846,0.6122813701629639,0.8560815989623254,0.999947595954378,180,180,"{'max_depth': 180, 'n_estimators': 180}",7,0.8615023474178404,0.999934456315134,0.8378378378378378,0.9999344649059572,0.8518518518518519,1.0,0.8377425044091711,0.9999344692005242,0.8629411764705882,1.0,0.8574793875147232,0.9999344820808491,0.867690490253987,0.999934503536809,0.8674556213017751,0.9999345164036408,0.8530805687203792,0.9999345249787206,0.8634204275534442,0.9999345421221444,13.23528975189129,0.13449593847334831,0.010458149729143771,2.6202035949090185e-05
89,353.84111008644106,0.6646054267883301,0.8579093213843524,0.999947595954378,180,200,"{'max_depth': 180, 'n_estimators': 200}",2,0.8591549295774648,0.999934456315134,0.836662749706228,0.9999344649059572,0.8577307466196356,1.0,0.847148736037625,0.9999344692005242,0.8652941176470588,1.0,0.8604240282685512,0.9999344820808491,0.8617838157117543,0.999934503536809,0.8721893491124261,0.9999345164036408,0.8601895734597157,0.9999345249787206,0.8586698337292161,0.9999345421221444,7.513184401647831,0.03966922768100116,0.009249935353623895,2.6202035949090185e-05
90,35.58958106040954,0.0670482873916626,0.7559106184776841,0.9998886306822878,200,20,"{'max_depth': 200, 'n_estimators': 20}",92,0.7693661971830986,0.999934456315134,0.7403055229142186,0.9999344649059572,0.7724867724867724,0.9999344692005242,0.7495590828924162,0.9998034076015727,0.7376470588235294,0.9999344734945286,0.7603062426383981,0.9997379283233965,0.7590076786769049,0.999869007073618,0.7727810650887574,0.9998690328072818,0.7624407582938388,0.9999345249787206,0.7351543942992874,0.9999345421221444,2.6075965990405408,0.0057918969925714985,0.013635615272202766,6.584905603886972e-05
91,73.45687098503113,0.1389601469039917,0.8082660220505866,0.999947595954378,200,40,"{'max_depth': 200, 'n_estimators': 40}",74,0.8110328638497653,0.999934456315134,0.7873090481786134,0.9999344649059572,0.8042328042328042,1.0,0.7912992357436802,0.9999344692005242,0.8152941176470588,1.0,0.8032979976442874,0.9999344820808491,0.8103957471943296,0.999934503536809,0.8242603550295858,0.9999345164036408,0.816350710900474,0.9999345249787206,0.8194774346793349,0.9999345421221444,1.178465726374375,0.008804117197249054,0.011300100569926664,2.6202035949090185e-05
92,111.3810124874115,0.1999425172805786,0.8304934850539473,0.999947595954378,200,60,"{'max_depth': 200, 'n_estimators': 60}",56,0.8309859154929577,0.999934456315134,0.8102232667450059,0.9999344649059572,0.8324514991181657,1.0,0.8224573780129336,0.9999344692005242,0.8470588235294118,1.0,0.826266195524146,0.9999344820808491,0.8269344359125812,0.999934503536809,0.8479289940828403,0.9999345164036408,0.8341232227488151,0.9999345249787206,0.8266033254156769,0.9999345421221444,1.6168620959829665,0.027132390693930544,0.01057251780935331,2.6202035949090185e-05
93,141.73637461662292,0.28169033527374265,0.8409881492836507,0.999947595954378,200,80,"{'max_depth': 200, 'n_estimators': 80}",45,0.8438967136150235,0.999934456315134,0.8254994124559342,0.9999344649059572,0.8465608465608465,1.0,0.8318636096413874,0.9999344692005242,0.8447058823529412,1.0,0.8380447585394581,0.9999344820808491,0.8458357944477259,0.999934503536809,0.8532544378698225,0.9999345164036408,0.840047393364929,0.9999345249787206,0.8402612826603325,0.9999345421221444,5.18946912619715,0.04833230912046304,0.007491237578969114,2.6202035949090185e-05
94,182.06482944488525,0.3238580942153931,0.8457048523082366,0.999947595954378,200,100,"{'max_depth': 200, 'n_estimators': 100}",35,0.8503521126760564,0.999934456315134,0.8301997649823737,0.9999344649059572,0.8395061728395061,1.0,0.8359788359788359,0.9999344692005242,0.85,1.0,0.8510011778563016,0.9999344820808491,0.852333136444182,0.999934503536809,0.8609467455621301,0.9999345164036408,0.8453791469194313,0.9999345249787206,0.8414489311163895,0.9999345421221444,3.0006923127641003,0.017050595249946187,0.008581031458538009,2.6202035949090185e-05
95,211.60820982456207,0.4021226644515991,0.8499498850303637,0.999947595954378,200,120,"{'max_depth': 200, 'n_estimators': 120}",24,0.8526995305164319,0.999934456315134,0.8325499412455935,0.9999344649059572,0.8589065255731922,1.0,0.8442092886537331,0.9999344692005242,0.8552941176470589,1.0,0.8533568904593639,0.9999344820808491,0.8487891317188423,0.999934503536809,0.8568047337278106,0.9999345164036408,0.8447867298578199,0.9999345249787206,0.8521377672209026,0.9999345421221444,11.95550889430297,0.03742678403150708,0.007379738195914877,2.6202035949090185e-05
96,251.33847677707672,0.4736485958099365,0.8511880195743176,0.999947595954378,200,140,"{'max_depth': 200, 'n_estimators': 140}",21,0.8515258215962441,0.999934456315134,0.8396004700352526,0.9999344649059572,0.8506760728982952,1.0,0.8442092886537331,0.9999344692005242,0.8547058823529412,1.0,0.8474676089517079,0.9999344820808491,0.8594211458948612,0.999934503536809,0.8627218934911243,0.9999345164036408,0.8548578199052133,0.9999345249787206,0.8467933491686461,0.9999345421221444,12.661639322773482,0.06889095377216678,0.006655905470954869,2.6202035949090185e-05
97,290.1707102537155,0.5525753736495972,0.8538411650256471,0.999947595954378,200,160,"{'max_depth': 200, 'n_estimators': 160}",15,0.857981220657277,0.999934456315134,0.8313748531139835,0.9999344649059572,0.8577307466196356,1.0,0.8453850676072898,0.9999344692005242,0.8594117647058823,1.0,0.8474676089517079,0.9999344820808491,0.8617838157117543,0.999934503536809,0.8644970414201183,0.9999345164036408,0.8631516587677726,0.9999345249787206,0.8497624703087886,0.9999345421221444,5.13029900594659,0.06695702751626983,0.00980440871866131,2.6202035949090185e-05
98,323.89903712272644,0.5019272804260254,0.85619951653794,0.999947595954378,200,180,"{'max_depth': 200, 'n_estimators': 180}",5,0.8591549295774648,0.999934456315134,0.8337250293772033,0.9999344649059572,0.8630217519106408,1.0,0.8453850676072898,0.9999344692005242,0.86,1.0,0.85924617196702,0.9999344820808491,0.8582398109864147,0.999934503536809,0.8621301775147929,0.9999345164036408,0.8631516587677726,0.9999345249787206,0.8580760095011877,0.9999345421221444,9.694563044255943,0.07854341072083439,0.008911625485644864,2.6202035949090185e-05
99,298.803759431839,0.36779036521911623,0.85619951653794,0.999947595954378,200,200,"{'max_depth': 200, 'n_estimators': 200}",5,0.852112676056338,0.999934456315134,0.836075205640423,0.9999344649059572,0.866549088771311,1.0,0.8389182833627278,0.9999344692005242,0.8582352941176471,1.0,0.8574793875147232,0.9999344820808491,0.861193148257531,0.999934503536809,0.8662721893491124,0.9999345164036408,0.8613744075829384,0.9999345249787206,0.8640142517814727,0.9999345421221444,22.318741397885635,0.05943368226636343,0.010242890597555536,2.6202035949090185e-05
